departuredate,flightid,flightcode
2024-07-22,200000,Hq499
2024-06-24,200001,en1925
2024-12-31,200002,Hq499
2024-12-28,200003,tZ7667
2024-10-12,200004,Kc5102
2024-12-19,200005,sR2408
2024-09-23,200006,HD5595
2024-11-17,200007,kv5800
2024-09-11,200008,xU8005
2024-09-20,200009,WP5530
2024-08-19,200010,vu3229
2024-07-10,200011,vP9775
2024-09-23,200012,OY9669
2024-12-05,200013,wb7508
2024-12-10,200014,VF9387
2024-11-26,200015,Tj6276
2024-07-05,200016,Ok4672
2024-08-16,200017,dA1518
2024-08-11,200018,wo8189
2024-08-31,200019,fT9865
2024-08-28,200020,JO4586
2024-05-30,200021,Jr4477
2024-05-23,200022,tZ7667
2024-10-25,200023,mo1310
2024-08-12,200024,Ok4672
2024-10-28,200025,XL3314
2024-08-16,200026,Xm1657
2024-05-25,200027,Lw6982
2024-11-10,200028,DJ7288
2024-12-19,200029,iu7092
2024-07-06,200030,wb7508
2024-09-02,200031,cg6881
2024-08-22,200032,jH1305
2024-12-10,200033,xK4454
2024-06-26,200034,oX688
2024-12-13,200035,pw9712
2024-07-12,200036,dA1518
2024-09-21,200037,pQ9043
2024-07-13,200038,nM2730
2024-05-28,200039,GM6711
2024-05-18,200040,ka12
2024-10-22,200041,ux4763
2024-08-18,200042,vP9775
2024-06-04,200043,kp367
2024-10-19,200044,GM6711
2024-06-05,200045,nM2730
2024-06-16,200046,Xm1657
2024-10-09,200047,bg2772
2024-08-13,200048,lf5420
2024-06-02,200049,JO4586
2024-06-22,200050,rJ6008
2024-08-25,200051,lH5360
2024-10-16,200052,oX688
2024-10-14,200053,mo1310
2024-10-01,200054,ro1423
2024-07-13,200055,fT9865
2024-09-08,200056,jH1305
2024-07-10,200057,QY2460
2024-10-20,200058,cg6881
2024-11-14,200059,vo8597
2024-12-04,200060,pZ9201
2024-07-23,200061,cg6881
2024-09-24,200062,lQ1866
2024-11-21,200063,Vk9812
2024-12-21,200064,oX688
2024-12-25,200065,tM7981
2024-07-14,200066,fQ6058
2024-11-24,200067,Xm1657
2024-10-05,200068,Mg6456
2024-09-17,200069,MV1377
2024-09-16,200070,Vk9812
2024-07-08,200071,wl5081
2024-09-19,200072,SN9575
2024-12-20,200073,xh3259
2024-08-24,200074,WP5530
2024-11-29,200075,Vk9812
2024-06-26,200076,JB9571
2024-09-06,200077,tM7981
2024-12-15,200078,wl5081
2024-06-29,200079,vo8597
2024-06-20,200080,Lw6982
2024-12-04,200081,an7575
2024-11-29,200082,HD5595
2024-10-31,200083,kp367
2024-09-07,200084,UJ6917
2024-10-30,200085,SW8268
2024-07-01,200086,Kc5102
2024-09-05,200087,Ok4672
2024-12-09,200088,oV237
2024-06-01,200089,nM2730
2024-06-15,200090,vO873
2024-06-05,200091,Bq3992
2024-12-19,200092,lf5420
2024-12-18,200093,gU1801
2024-09-20,200094,Uy8980
2024-11-26,200095,xK4454
2024-06-01,200096,pQ9043
2024-08-23,200097,cE5670
2024-08-07,200098,xN8227
2024-08-21,200099,pw9712
2024-11-05,200100,iu7092
2024-10-29,200101,nM2730
2024-12-27,200102,xN8227
2024-08-03,200103,ka12
2024-09-03,200104,Mg6456
2024-07-26,200105,jQ3709
2024-06-09,200106,LH594
2024-09-09,200107,OY9669
2024-07-26,200108,lQ1866
2024-08-13,200109,vP9775
2024-11-03,200110,Lw6982
2024-08-02,200111,vO873
2024-11-17,200112,wb7508
2024-09-19,200113,Mg6456
2024-12-06,200114,Bq3992
2024-11-06,200115,GM6711
2024-06-18,200116,SW8268
2024-08-18,200117,UJ6917
2024-09-28,200118,lQ1866
2024-07-05,200119,WD8652
2024-08-31,200120,XL3314
2024-12-05,200121,pZ9201
2024-12-23,200122,fT9865
2024-06-25,200123,iu7092
2024-06-08,200124,WD8652
2024-12-16,200125,ng4882
2024-05-19,200126,nM2730
2024-08-01,200127,Xf5053
2024-07-08,200128,Or5485
2024-10-10,200129,cg6881
2024-06-02,200130,Kc5102
2024-07-18,200131,aW4264
2024-08-15,200132,qJ2287
2024-08-21,200133,wb7508
2024-09-24,200134,sR2408
2024-09-14,200135,IS6359
2024-09-13,200136,yj8047
2024-08-24,200137,hr8002
2024-06-06,200138,lf5420
2024-10-11,200139,wo8189
2024-11-27,200140,Kc5102
2024-08-22,200141,iu7092
2024-08-01,200142,aS77
2024-08-01,200143,lH5360
2024-12-07,200144,lH5360
2024-11-01,200145,qf6025
2024-07-16,200146,KM4369
2024-06-26,200147,aW4264
2024-10-28,200148,wl5081
2024-10-30,200149,XL3314
2024-05-22,200150,Bq3992
2024-06-20,200151,jQ3709
2024-07-01,200152,yj8047
2024-11-27,200153,Oq7423
2024-11-02,200154,oV237
2024-09-22,200155,LH594
2024-11-17,200156,ng4882
2024-08-23,200157,pQ8563
2024-06-27,200158,Hq499
2024-10-07,200159,Vk9812
2024-08-18,200160,vO873
2024-08-20,200161,PD214
2024-11-26,200162,HD5595
2024-11-07,200163,fT9865
2024-10-03,200164,XL3314
2024-06-28,200165,aW4264
2024-05-29,200166,Vk9812
2024-06-22,200167,Xf5053
2024-08-15,200168,XL3314
2024-11-15,200169,WP5530
2024-09-26,200170,Xm1657
2024-07-27,200171,Or5485
2024-10-10,200172,QY2460
2024-08-28,200173,Lw6982
2024-10-18,200174,JO4586
2024-09-04,200175,Mg6456
2024-09-09,200176,Uy8980
2024-08-24,200177,Xm1657
2024-09-23,200178,Mg6456
2024-10-01,200179,SW8268
2024-07-12,200180,VF9387
2024-11-05,200181,Hq499
2024-10-06,200182,IS6359
2024-07-25,200183,wl5081
2024-07-07,200184,ro1423
2024-07-10,200185,WD8652
2024-10-26,200186,yj8047
2024-10-13,200187,pw9712
2024-12-08,200188,mo1310
2024-11-29,200189,pw9712
2024-09-27,200190,lQ1866
2024-11-16,200191,vP9775
2024-08-02,200192,WP5530
2024-09-09,200193,wo8189
2024-06-03,200194,Vk9812
2024-05-20,200195,jH1305
2024-10-01,200196,wl5081
2024-05-19,200197,xh3259
2024-12-30,200198,At4930
2024-10-29,200199,Jr4477
2024-07-22,200200,jQ3709
2024-10-07,200201,aS77
2024-11-25,200202,Hq499
2024-10-28,200203,kv5800
2024-09-12,200204,JB9571
2024-08-03,200205,sR2408
2024-12-27,200206,lH5360
2024-08-29,200207,pQ8563
2024-09-04,200208,HD5595
2024-07-30,200209,zz4270
2024-08-23,200210,tM7981
2024-10-17,200211,Nx6829
2024-12-30,200212,Uy8980
2024-10-29,200213,ux4763
2024-07-20,200214,xu7026
2024-08-06,200215,vu3229
2024-08-14,200216,xh3259
2024-10-21,200217,pw9712
2024-09-15,200218,fQ6058
2024-10-01,200219,en1925
2024-10-15,200220,xN8227
2024-06-24,200221,UJ6917
2024-09-21,200222,Oq7423
2024-09-24,200223,an7575
2024-12-20,200224,aW4264
2024-06-25,200225,cE5670
2024-05-24,200226,JB9571
2024-05-27,200227,cg6881
2024-09-15,200228,CJ7087
2024-09-19,200229,WD8652
2024-08-11,200230,WP5310
2024-12-16,200231,tZ7667
2024-11-10,200232,Kc5102
2024-09-02,200233,oX688
2024-07-24,200234,xh3259
2024-10-03,200235,dA1518
2024-12-10,200236,Nx6829
2024-07-11,200237,an7575
2024-05-31,200238,Xf5053
2024-11-18,200239,hr8002
2024-11-27,200240,Lw6982
2024-09-09,200241,WD8652
2024-09-29,200242,wb7508
2024-09-25,200243,kp367
2024-10-31,200244,gU1801
2024-05-28,200245,lH5360
2024-12-06,200246,bg2772
2024-09-08,200247,LH594
2024-10-30,200248,lQ1866
2024-07-17,200249,rJ6008
2024-08-30,200250,xh3259
2024-05-25,200251,kp367
2024-07-09,200252,dA1518
2024-10-12,200253,hr8002
2024-10-01,200254,Ma9412
2024-09-22,200255,OY9669
2024-07-20,200256,jQ3709
2024-09-17,200257,vo8597
2024-10-07,200258,hr8002
2024-06-25,200259,lf5420
2024-06-11,200260,OY9669
2024-09-14,200261,cg6881
2024-11-24,200262,rJ6008
2024-11-25,200263,iu7092
2024-09-24,200264,KM4369
2024-07-24,200265,an7575
2024-07-01,200266,wl5081
2024-06-29,200267,pQ8563
2024-11-06,200268,vO873
2024-07-03,200269,gU1801
2024-08-24,200270,Ei5673
2024-09-18,200271,fQ6058
2024-09-22,200272,DJ7288
2024-11-13,200273,yj8047
2024-11-19,200274,nM2730
2024-09-27,200275,mo1310
2024-09-22,200276,lH5360
2024-10-29,200277,Oq7423
2024-08-14,200278,qf6025
2024-10-24,200279,CJ7087
2024-07-18,200280,aW4264
2024-10-10,200281,DJ7288
2024-10-19,200282,vP9775
2024-09-02,200283,xu7026
2024-12-14,200284,KM4369
2024-06-11,200285,ng4882
2024-06-18,200286,WP5530
2024-08-12,200287,Nx6829
2024-06-21,200288,Uy8980
2024-07-10,200289,Lw6982
2024-08-12,200290,At4930
2024-07-03,200291,Tj6276
2024-06-24,200292,lQ1866
2024-09-18,200293,bg2772
2024-08-01,200294,kp367
2024-09-05,200295,vO873
2024-12-31,200296,ng4882
2024-06-07,200297,VF9387
2024-06-24,200298,gU1801
2024-05-21,200299,ng4882
2024-05-23,200300,zz4270
2024-10-07,200301,ng4882
2024-11-03,200302,ng4882
2024-08-30,200303,zz4270
2024-11-30,200304,fQ6058
2024-10-02,200305,WP5310
2024-07-04,200306,bg2772
2024-11-14,200307,WP5530
2024-08-13,200308,Ma9412
2024-07-17,200309,wb7508
2024-12-10,200310,xh3259
2024-12-05,200311,pZ9201
2024-08-08,200312,LH594
2024-10-22,200313,el5331
2024-07-09,200314,dA1518
2024-12-28,200315,lQ1866
2024-07-21,200316,Lw6982
2024-11-03,200317,KM4369
2024-06-01,200318,DJ7288
2024-12-08,200319,GM6711
2024-07-30,200320,aS77
2024-06-20,200321,Mg6456
2024-11-20,200322,IS6359
2024-06-24,200323,Oq7423
2024-12-24,200324,vO873
2024-08-20,200325,ns8846
2024-10-27,200326,vo8597
2024-08-14,200327,hr8002
2024-08-27,200328,xN8227
2024-12-21,200329,bg2772
2024-11-09,200330,vu3229
2024-05-19,200331,lH5360
2024-05-24,200332,Bq3992
2024-07-07,200333,rD7816
2024-07-01,200334,Xm1657
2024-12-06,200335,tM7981
2024-06-21,200336,lQ1866
2024-10-28,200337,nM2730
2024-10-16,200338,xK4454
2024-12-24,200339,XL3314
2024-11-14,200340,fT9865
2024-08-13,200341,WP5310
2024-07-05,200342,cE5670
2024-10-12,200343,vo8597
2024-09-30,200344,yj8047
2024-08-28,200345,kv5800
2024-07-02,200346,kv5800
2024-12-12,200347,bg2772
2024-08-09,200348,ka12
2024-06-18,200349,rJ6008
2024-11-22,200350,WP5310
2024-07-28,200351,Xn1171
2024-06-26,200352,xU8005
2024-06-25,200353,UJ6917
2024-06-18,200354,an7575
2024-10-30,200355,ns8846
2024-10-28,200356,vu3229
2024-10-22,200357,MV1377
2024-07-31,200358,xK4454
2024-08-05,200359,VF9387
2024-08-31,200360,an7575
2024-06-24,200361,CJ7087
2024-05-27,200362,SW8268
2024-09-10,200363,jQ3709
2024-08-13,200364,pw9712
2024-08-30,200365,cg6881
2024-12-25,200366,yj8047
2024-12-30,200367,Xm1657
2024-10-26,200368,SN9575
2024-11-04,200369,kp367
2024-09-18,200370,pZ9201
2024-07-01,200371,ns8846
2024-05-22,200372,pQ8563
2024-12-28,200373,Uy8980
2024-09-02,200374,Bq3992
2024-06-02,200375,pQ9043
2024-11-19,200376,zz4270
2024-06-29,200377,Tj6276
2024-05-21,200378,kv5800
2024-06-05,200379,qJ2287
2024-05-22,200380,Xn1171
2024-08-01,200381,vo8597
2024-09-04,200382,Nx6829
2024-09-08,200383,qf6025
2024-09-15,200384,wl5081
2024-06-06,200385,ux4763
2024-10-13,200386,Or5485
2024-08-31,200387,tZ7667
2024-10-12,200388,tM7981
2024-05-31,200389,UJ6917
2024-07-26,200390,Tj6276
2024-10-28,200391,VF9387
2024-11-14,200392,Nx6829
2024-09-02,200393,LH594
2024-06-24,200394,MV1377
2024-11-27,200395,oX688
2024-10-09,200396,KM4369
2024-07-27,200397,qJ2287
2024-05-26,200398,fT9865
2024-06-27,200399,aW4264
2024-08-18,200400,wl5081
2024-11-03,200401,Xm1657
2024-11-30,200402,Kc5102
2024-09-07,200403,iu7092
2024-06-19,200404,qJ2287
2024-12-18,200405,gU1801
2024-11-28,200406,VF9387
2024-09-04,200407,tZ7667
2024-07-23,200408,bg2772
2024-06-02,200409,vu3229
2024-06-14,200410,MV1377
2024-07-30,200411,fT9865
2024-08-27,200412,vu3229
2024-08-29,200413,Nx6829
2024-11-15,200414,QY2460
2024-06-05,200415,fQ6058
2024-06-04,200416,aS77
2024-08-30,200417,UJ6917
2024-09-30,200418,Ei5673
2024-10-16,200419,ns8846
2024-12-09,200420,aS77
2024-07-03,200421,hr8002
2024-05-17,200422,mo1310
2024-07-05,200423,aS77
2024-06-08,200424,CJ7087
2024-10-23,200425,Tj6276
2024-10-25,200426,qf6025
2024-09-11,200427,gU1801
2024-09-16,200428,gU1801
2024-05-30,200429,Kc5102
2024-07-16,200430,xN8227
2024-08-10,200431,ux4763
2024-10-24,200432,JO4586
2024-12-12,200433,wl5081
2024-06-27,200434,gU1801
2024-06-10,200435,vo8597
2024-09-11,200436,wb7508
2024-08-28,200437,iu7092
2024-11-29,200438,lQ1866
2024-09-20,200439,xK4454
2024-09-04,200440,Or5485
2024-05-23,200441,MV1377
2024-10-14,200442,KM4369
2024-11-22,200443,ns8846
2024-07-31,200444,SW8268
2024-06-13,200445,xK4454
2024-05-30,200446,kv5800
2024-10-18,200447,WD8652
2024-07-04,200448,vu3229
2024-08-11,200449,Xn1171
2024-12-06,200450,XL3314
2024-08-22,200451,WP5310
2024-12-16,200452,WP5530
2024-09-25,200453,Ma9412
2024-10-26,200454,zz4270
2024-12-08,200455,JO4586
2024-11-01,200456,WD8652
2024-08-17,200457,zz4270
2024-10-14,200458,rD7816
2024-11-08,200459,pQ8563
2024-12-31,200460,lQ1866
2024-11-06,200461,Ma9412
2024-07-24,200462,UJ6917
2024-12-21,200463,Lw6982
2024-05-30,200464,HD5595
2024-09-24,200465,jH1305
2024-07-23,200466,pw9712
2024-11-06,200467,pQ8563
2024-06-22,200468,vo8597
2024-08-10,200469,SN9575
2024-06-23,200470,rD7816
2024-08-29,200471,GM6711
2024-06-06,200472,pQ8563
2024-08-29,200473,jQ3709
2024-08-29,200474,yj8047
2024-10-29,200475,ns8846
2024-10-15,200476,Tj6276
2024-05-18,200477,ux4763
2024-08-17,200478,el5331
2024-12-08,200479,xu7026
2024-12-26,200480,lf5420
2024-10-14,200481,Tj6276
2024-09-08,200482,iu7092
2024-09-28,200483,qf6025
2024-08-26,200484,xK4454
2024-07-22,200485,Nx6829
2024-08-11,200486,en1925
2024-08-04,200487,WD8652
2024-06-12,200488,qJ2287
2024-12-27,200489,oX688
2024-07-09,200490,oV237
2024-10-18,200491,zz4270
2024-10-21,200492,WP5530
2024-06-10,200493,oX688
2024-11-30,200494,xh3259
2024-12-21,200495,MV1377
2024-08-24,200496,Bq3992
2024-10-18,200497,Oq7423
2024-06-04,200498,xh3259
2024-09-30,200499,WP5530
2024-07-28,200500,hr8002
2024-11-25,200501,IS6359
2024-11-23,200502,VF9387
2024-06-26,200503,qJ2287
2024-08-18,200504,Fh6631
2024-05-20,200505,Ax4564
2024-07-30,200506,Oq7423
2024-09-06,200507,XL3314
2024-10-18,200508,rJ6008
2024-10-17,200509,en1925
2024-10-29,200510,Ax4564
2024-10-24,200511,jH1305
2024-06-24,200512,Or5485
2024-10-07,200513,vP9775
2024-08-27,200514,pZ9201
2024-10-09,200515,gU1801
2024-12-09,200516,Kc5102
2024-06-06,200517,Kc5102
2024-10-23,200518,QY2460
2024-07-24,200519,qJ2287
2024-06-13,200520,WP5310
2024-09-18,200521,pQ8563
2024-08-21,200522,pZ9201
2024-11-16,200523,Xn1171
2024-09-27,200524,Oq7423
2024-09-22,200525,Hq499
2024-10-25,200526,Mg6456
2024-06-08,200527,bg2772
2024-07-09,200528,Bq3992
2024-11-02,200529,KM4369
2024-09-22,200530,WP5310
2024-12-16,200531,xh3259
2024-10-24,200532,XL3314
2024-07-15,200533,pQ9043
2024-08-21,200534,zz4270
2024-07-20,200535,IS6359
2024-12-09,200536,Mg6456
2024-11-29,200537,wl5081
2024-07-17,200538,vO873
2024-12-26,200539,tZ7667
2024-12-07,200540,kv5800
2024-08-10,200541,tZ7667
2024-05-28,200542,JO4586
2024-10-14,200543,DJ7288
2024-06-23,200544,SW8268
2024-10-09,200545,pw9712
2024-06-08,200546,At4930
2024-12-18,200547,IX2488
2024-07-22,200548,lf5420
2024-09-19,200549,el5331
2024-05-22,200550,CJ7087
2024-07-10,200551,Ax4564
2024-10-11,200552,BM1090
2024-12-18,200553,Xf5053
2024-06-15,200554,JB9571
2024-06-01,200555,VF9387
2024-07-13,200556,lQ1866
2024-11-17,200557,pw9712
2024-10-06,200558,IX2488
2024-07-21,200559,cE5670
2024-07-24,200560,qf6025
2024-06-19,200561,VF9387
2024-09-02,200562,xU8005
2024-06-01,200563,CJ7087
2024-11-13,200564,ka12
2024-09-12,200565,oX688
2024-07-02,200566,OY9669
2024-12-18,200567,QY2460
2024-08-22,200568,SW8268
2024-07-14,200569,VF9387
2024-10-10,200570,ro1423
2024-10-02,200571,SW8268
2024-12-17,200572,WP5530
2024-06-07,200573,jH1305
2024-09-03,200574,HD5595
2024-09-15,200575,WD8652
2024-11-05,200576,fQ6058
2024-08-01,200577,HD5595
2024-11-11,200578,WP5310
2024-12-04,200579,aW4264
2024-07-22,200580,LH594
2024-11-01,200581,wl5081
2024-11-15,200582,wl5081
2024-11-01,200583,WP5310
2024-09-06,200584,Ax4564
2024-09-02,200585,ka12
2024-09-28,200586,kp367
2024-12-05,200587,nM2730
2024-11-11,200588,Uy8980
2024-09-29,200589,Ei5673
2024-11-30,200590,lH5360
2024-12-28,200591,wl5081
2024-05-29,200592,Vk9812
2024-08-01,200593,wb7508
2024-11-29,200594,cE5670
2024-09-06,200595,xU8005
2024-10-01,200596,QY2460
2024-10-27,200597,vo8597
2024-10-29,200598,MV1377
2024-10-03,200599,Ei5673
2024-09-09,200600,wb7508
2024-09-13,200601,MV1377
2024-05-31,200602,Bq3992
2024-07-20,200603,an7575
2024-10-10,200604,WP5310
2024-07-22,200605,WP5530
2024-12-05,200606,wl5081
2024-05-22,200607,LH594
2024-06-30,200608,rD7816
2024-10-26,200609,Ma9412
2024-08-29,200610,qf6025
2024-11-10,200611,cg6881
2024-07-27,200612,pQ9043
2024-08-01,200613,WP5310
2024-06-17,200614,pQ9043
2024-11-02,200615,vu3229
2024-11-26,200616,Ma9412
2024-08-30,200617,hr8002
2024-11-21,200618,vu3229
2024-08-10,200619,Ax4564
2024-09-06,200620,xh3259
2024-11-06,200621,VF9387
2024-11-01,200622,wo8189
2024-06-30,200623,Or5485
2024-08-25,200624,Tj6276
2024-08-02,200625,kv5800
2024-11-26,200626,pQ9043
2024-06-11,200627,jH1305
2024-12-02,200628,tZ7667
2024-07-30,200629,vO873
2024-08-17,200630,Lw6982
2024-06-22,200631,ux4763
2024-12-20,200632,ro1423
2024-11-05,200633,JO4586
2024-09-23,200634,fT9865
2024-09-17,200635,PD214
2024-07-04,200636,Hq499
2024-11-08,200637,Mg6456
2024-10-23,200638,ng4882
2024-11-10,200639,GM6711
2024-12-21,200640,vo8597
2024-10-12,200641,IX2488
2024-07-11,200642,Oq7423
2024-10-23,200643,ro1423
2024-12-13,200644,vu3229
2024-11-15,200645,WD8652
2024-11-08,200646,yj8047
2024-12-06,200647,lf5420
2024-07-04,200648,ng4882
2024-12-05,200649,hr8002
2024-12-28,200650,Hq499
2024-08-28,200651,At4930
2024-06-13,200652,SW8268
2024-10-31,200653,Nx6829
2024-08-21,200654,ng4882
2024-11-15,200655,tM7981
2024-09-26,200656,IX2488
2024-07-12,200657,xu7026
2024-07-13,200658,dA1518
2024-06-11,200659,Oq7423
2024-12-31,200660,UJ6917
2024-09-22,200661,Uy8980
2024-05-24,200662,WP5530
2024-08-20,200663,Nx6829
2024-07-23,200664,vo8597
2024-08-10,200665,Kc5102
2024-10-19,200666,zz4270
2024-11-30,200667,GM6711
2024-10-02,200668,tZ7667
2024-05-30,200669,Bq3992
2024-08-19,200670,gU1801
2024-11-13,200671,SW8268
2024-09-03,200672,el5331
2024-06-19,200673,Xm1657
2024-06-08,200674,At4930
2024-08-07,200675,QY2460
2024-08-25,200676,tM7981
2024-08-03,200677,Bq3992
2024-10-08,200678,kp367
2024-10-20,200679,WP5310
2024-11-02,200680,xu7026
2024-09-26,200681,Bq3992
2024-10-07,200682,xh3259
2024-07-27,200683,kv5800
2024-10-19,200684,el5331
2024-09-14,200685,Xm1657
2024-12-05,200686,oV237
2024-10-07,200687,iu7092
2024-05-25,200688,ro1423
2024-07-02,200689,DJ7288
2024-08-26,200690,PD214
2024-12-26,200691,Kc5102
2024-07-20,200692,UJ6917
2024-12-29,200693,ka12
2024-06-22,200694,xh3259
2024-07-28,200695,en1925
2024-11-26,200696,en1925
2024-10-07,200697,tM7981
2024-07-29,200698,Or5485
2024-05-22,200699,VF9387
2024-06-12,200700,kp367
2024-09-08,200701,lf5420
2024-08-14,200702,Or5485
2024-06-21,200703,xN8227
2024-07-12,200704,wo8189
2024-07-13,200705,xN8227
2024-08-24,200706,an7575
2024-05-24,200707,MV1377
2024-10-16,200708,xh3259
2024-06-24,200709,Kc5102
2024-09-19,200710,IX2488
2024-07-04,200711,ro1423
2024-12-08,200712,DJ7288
2024-07-11,200713,GM6711
2024-09-04,200714,pQ9043
2024-11-29,200715,SN9575
2024-10-09,200716,xK4454
2024-10-04,200717,At4930
2024-10-08,200718,ka12
2024-12-19,200719,pQ9043
2024-09-12,200720,Jr4477
2024-05-25,200721,HD5595
2024-07-11,200722,JB9571
2024-05-19,200723,qf6025
2024-11-18,200724,Xm1657
2024-12-22,200725,ns8846
2024-10-12,200726,Jr4477
2024-10-14,200727,mo1310
2024-12-16,200728,BM1090
2024-06-13,200729,HD5595
2024-07-09,200730,Lw6982
2024-07-07,200731,JO4586
2024-11-07,200732,Lw6982
2024-10-11,200733,kv5800
2024-07-14,200734,lf5420
2024-07-17,200735,Ei5673
2024-09-25,200736,qf6025
2024-11-24,200737,pZ9201
2024-11-11,200738,aW4264
2024-12-11,200739,QY2460
2024-08-19,200740,aW4264
2024-07-24,200741,HD5595
2024-10-31,200742,SN9575
2024-08-12,200743,XL3314
2024-09-08,200744,lH5360
2024-09-09,200745,WD8652
2024-09-04,200746,aS77
2024-12-05,200747,lf5420
2024-10-31,200748,pQ9043
2024-07-05,200749,cE5670
2024-10-19,200750,Xn1171
2024-08-23,200751,SN9575
2024-07-05,200752,Xn1171
2024-08-15,200753,xh3259
2024-08-26,200754,At4930
2024-09-05,200755,JB9571
2024-12-19,200756,lQ1866
2024-08-14,200757,Oq7423
2024-10-28,200758,MV1377
2024-06-22,200759,Mg6456
2024-07-28,200760,ka12
2024-07-21,200761,VF9387
2024-08-18,200762,Tj6276
2024-10-07,200763,VF9387
2024-12-21,200764,UJ6917
2024-07-22,200765,WP5530
2024-10-28,200766,aW4264
2024-07-17,200767,Uy8980
2024-11-03,200768,aS77
2024-12-21,200769,BM1090
2024-11-09,200770,Bq3992
2024-05-26,200771,WP5310
2024-12-01,200772,Jr4477
2024-06-13,200773,WD8652
2024-11-02,200774,Mg6456
2024-12-27,200775,yj8047
2024-07-19,200776,At4930
2024-06-24,200777,Bq3992
2024-08-31,200778,xN8227
2024-07-28,200779,UJ6917
2024-08-10,200780,DJ7288
2024-07-17,200781,Xm1657
2024-07-20,200782,Lw6982
2024-09-24,200783,Ma9412
2024-07-13,200784,Xm1657
2024-12-03,200785,OY9669
2024-06-15,200786,JO4586
2024-12-27,200787,Xn1171
2024-09-18,200788,oV237
2024-10-28,200789,wl5081
2024-06-26,200790,Xm1657
2024-12-07,200791,en1925
2024-10-03,200792,aW4264
2024-12-04,200793,ng4882
2024-05-26,200794,OY9669
2024-06-02,200795,Ax4564
2024-06-04,200796,rJ6008
2024-05-20,200797,IS6359
2024-08-05,200798,PD214
2024-11-03,200799,KM4369
2024-07-13,200800,GM6711
2024-09-28,200801,rD7816
2024-11-19,200802,PD214
2024-06-11,200803,lf5420
2024-06-03,200804,gU1801
2024-06-18,200805,JO4586
2024-08-30,200806,MV1377
2024-12-18,200807,wo8189
2024-09-08,200808,qf6025
2024-10-23,200809,HD5595
2024-09-09,200810,LH594
2024-10-16,200811,lf5420
2024-09-29,200812,JO4586
2024-10-25,200813,xK4454
2024-12-26,200814,pZ9201
2024-10-28,200815,Ma9412
2024-12-21,200816,oX688
2024-11-27,200817,WP5310
2024-09-03,200818,cE5670
2024-08-15,200819,Fh6631
2024-10-13,200820,SN9575
2024-11-01,200821,IS6359
2024-05-18,200822,VF9387
2024-10-07,200823,rD7816
2024-11-01,200824,QY2460
2024-12-13,200825,zz4270
2024-10-03,200826,el5331
2024-09-15,200827,Xn1171
2024-06-14,200828,fT9865
2024-07-14,200829,hr8002
2024-06-11,200830,lQ1866
2024-11-23,200831,xU8005
2024-10-21,200832,Fh6631
2024-08-28,200833,ka12
2024-08-12,200834,gU1801
2024-08-26,200835,LH594
2024-10-10,200836,Kc5102
2024-08-13,200837,WD8652
2024-09-04,200838,oX688
2024-10-28,200839,LH594
2024-08-20,200840,SW8268
2024-10-13,200841,Or5485
2024-12-10,200842,MV1377
2024-11-26,200843,el5331
2024-12-20,200844,zz4270
2024-08-15,200845,jQ3709
2024-11-08,200846,iu7092
2024-10-28,200847,XL3314
2024-07-13,200848,tM7981
2024-12-06,200849,Xf5053
2024-11-10,200850,ns8846
2024-11-29,200851,nM2730
2024-07-23,200852,oX688
2024-06-19,200853,Jr4477
2024-09-02,200854,aW4264
2024-06-03,200855,Ok4672
2024-06-23,200856,Vk9812
2024-10-25,200857,bg2772
2024-11-06,200858,SN9575
2024-10-20,200859,Xm1657
2024-06-06,200860,KM4369
2024-09-24,200861,HD5595
2024-08-23,200862,XL3314
2024-11-03,200863,xN8227
2024-06-10,200864,Kc5102
2024-12-28,200865,PD214
2024-09-17,200866,JB9571
2024-06-11,200867,JO4586
2024-07-20,200868,ng4882
2024-11-30,200869,tZ7667
2024-06-08,200870,qf6025
2024-08-08,200871,IX2488
2024-11-14,200872,Or5485
2024-09-08,200873,xK4454
2024-09-25,200874,Bq3992
2024-08-06,200875,Or5485
2024-09-26,200876,kp367
2024-09-26,200877,vO873
2024-12-13,200878,Jr4477
2024-11-22,200879,Xm1657
2024-06-10,200880,lH5360
2024-06-21,200881,nM2730
2024-12-08,200882,fo2005
2024-06-25,200883,xh3259
2024-05-29,200884,sR2408
2024-10-26,200885,Xf5053
2024-11-06,200886,ka12
2024-09-29,200887,DJ7288
2024-09-18,200888,pw9712
2024-11-22,200889,xU8005
2024-11-17,200890,fQ6058
2024-12-27,200891,xK4454
2024-09-30,200892,Jr4477
2024-07-02,200893,xU8005
2024-09-01,200894,Fh6631
2024-06-02,200895,DJ7288
2024-06-04,200896,aS77
2024-06-18,200897,jH1305
2024-06-03,200898,iu7092
2024-06-25,200899,lH5360
2024-09-05,200900,iu7092
2024-12-12,200901,fT9865
2024-06-08,200902,Xm1657
2024-08-26,200903,Vk9812
2024-11-07,200904,pQ9043
2024-07-05,200905,rJ6008
2024-07-18,200906,IX2488
2024-12-19,200907,LH594
2024-06-25,200908,WD8652
2024-12-19,200909,fT9865
2024-05-22,200910,gU1801
2024-11-18,200911,dA1518
2024-07-05,200912,tM7981
2024-10-15,200913,vo8597
2024-10-11,200914,rJ6008
2024-09-21,200915,ns8846
2024-06-10,200916,ro1423
2024-07-20,200917,kv5800
2024-08-24,200918,Xm1657
2024-12-22,200919,mo1310
2024-05-29,200920,LH594
2024-12-09,200921,Uy8980
2024-09-22,200922,Vk9812
2024-11-21,200923,ux4763
2024-07-13,200924,xu7026
2024-11-21,200925,Tj6276
2024-12-12,200926,fo2005
2024-09-26,200927,xu7026
2024-09-16,200928,Tj6276
2024-11-10,200929,Kc5102
2024-09-07,200930,el5331
2024-08-10,200931,xU8005
2024-06-23,200932,OY9669
2024-06-05,200933,jH1305
2024-06-22,200934,IX2488
2024-10-11,200935,ux4763
2024-11-20,200936,lf5420
2024-07-08,200937,PD214
2024-11-08,200938,IX2488
2024-06-17,200939,tM7981
2024-07-21,200940,DJ7288
2024-11-05,200941,kv5800
2024-10-13,200942,Ok4672
2024-06-30,200943,IS6359
2024-07-30,200944,WD8652
2024-12-10,200945,Ax4564
2024-06-23,200946,LH594
2024-09-23,200947,Bq3992
2024-08-11,200948,Ax4564
2024-07-01,200949,xu7026
2024-06-04,200950,JB9571
2024-10-27,200951,yj8047
2024-09-17,200952,LH594
2024-11-07,200953,CJ7087
2024-10-02,200954,Xf5053
2024-07-06,200955,Xn1171
2024-08-23,200956,qJ2287
2024-08-31,200957,IX2488
2024-12-22,200958,pZ9201
2024-09-05,200959,xK4454
2024-05-28,200960,Jr4477
2024-08-11,200961,fo2005
2024-06-21,200962,wo8189
2024-11-23,200963,Ax4564
2024-08-07,200964,pQ8563
2024-12-27,200965,Uy8980
2024-06-15,200966,pw9712
2024-11-10,200967,Ax4564
2024-05-18,200968,Oq7423
2024-10-28,200969,Ei5673
2024-09-28,200970,Ok4672
2024-10-16,200971,WD8652
2024-07-16,200972,tM7981
2024-08-20,200973,qf6025
2024-08-22,200974,Ax4564
2024-09-29,200975,pZ9201
2024-08-24,200976,ns8846
2024-06-22,200977,fT9865
2024-09-01,200978,xN8227
2024-10-15,200979,pw9712
2024-12-14,200980,JO4586
2024-12-17,200981,an7575
2024-07-20,200982,GM6711
2024-09-19,200983,ng4882
2024-07-08,200984,el5331
2024-09-13,200985,wb7508
2024-11-22,200986,Fh6631
2024-12-21,200987,pQ9043
2024-12-09,200988,wo8189
2024-06-14,200989,aW4264
2024-11-09,200990,VF9387
2024-11-26,200991,fo2005
2024-12-25,200992,Bq3992
2024-06-22,200993,sR2408
2024-06-10,200994,vP9775
2024-05-19,200995,LH594
2024-07-26,200996,el5331
2024-09-01,200997,HD5595
2024-10-21,200998,wb7508
2024-07-24,200999,Kc5102
2024-05-20,201000,KM4369
2024-12-04,201001,WP5310
2024-05-18,201002,bg2772
2024-06-20,201003,Uy8980
2024-06-09,201004,GM6711
2024-09-09,201005,Ax4564
2024-08-20,201006,xU8005
2024-07-13,201007,ns8846
2024-05-28,201008,xU8005
2024-12-13,201009,Hq499
2024-09-26,201010,fQ6058
2024-12-08,201011,sR2408
2024-09-24,201012,oX688
2024-05-29,201013,Xn1171
2024-10-31,201014,xK4454
2024-10-09,201015,pZ9201
2024-12-31,201016,DJ7288
2024-08-04,201017,Mg6456
2024-09-09,201018,gU1801
2024-12-31,201019,aW4264
2024-09-07,201020,WP5310
2024-06-02,201021,KM4369
2024-08-05,201022,vu3229
2024-08-12,201023,lH5360
2024-09-03,201024,lf5420
2024-08-22,201025,MV1377
2024-11-02,201026,Kc5102
2024-11-04,201027,aW4264
2024-07-06,201028,Xm1657
2024-07-27,201029,vP9775
2024-06-20,201030,Ax4564
2024-08-18,201031,zz4270
2024-10-16,201032,gU1801
2024-07-01,201033,lH5360
2024-08-18,201034,IX2488
2024-08-27,201035,IS6359
2024-07-10,201036,JO4586
2024-12-07,201037,Tj6276
2024-06-11,201038,pQ9043
2024-09-26,201039,lH5360
2024-12-13,201040,ng4882
2024-12-03,201041,WD8652
2024-08-30,201042,zz4270
2024-07-27,201043,qf6025
2024-08-14,201044,Fh6631
2024-12-30,201045,an7575
2024-09-29,201046,wl5081
2024-09-01,201047,cE5670
2024-10-02,201048,yj8047
2024-11-09,201049,oV237
2024-08-26,201050,Vk9812
2024-11-12,201051,VF9387
2024-11-02,201052,xK4454
2024-11-12,201053,sR2408
2024-06-23,201054,BM1090
2024-05-24,201055,pZ9201
2024-09-17,201056,ng4882
2024-07-18,201057,xh3259
2024-05-31,201058,UJ6917
2024-08-15,201059,oX688
2024-10-08,201060,GM6711
2024-07-15,201061,vO873
2024-12-16,201062,jH1305
2024-10-26,201063,Lw6982
2024-12-25,201064,LH594
2024-08-24,201065,cg6881
2024-12-22,201066,PD214
2024-08-05,201067,fQ6058
2024-10-17,201068,cE5670
2024-09-24,201069,Or5485
2024-05-27,201070,GM6711
2024-08-28,201071,XL3314
2024-11-08,201072,oV237
2024-11-02,201073,Vk9812
2024-06-22,201074,kp367
2024-12-20,201075,qf6025
2024-12-25,201076,WP5310
2024-07-08,201077,pw9712
2024-12-25,201078,UJ6917
2024-08-14,201079,gU1801
2024-10-08,201080,Jr4477
2024-05-23,201081,ux4763
2024-10-19,201082,QY2460
2024-08-01,201083,ka12
2024-11-15,201084,ux4763
2024-06-18,201085,jH1305
2024-11-03,201086,Nx6829
2024-09-06,201087,Hq499
2024-05-28,201088,qJ2287
2024-08-28,201089,UJ6917
2024-07-24,201090,Ma9412
2024-07-05,201091,pQ8563
2024-09-07,201092,kv5800
2024-07-30,201093,Oq7423
2024-07-07,201094,ng4882
2024-08-11,201095,Kc5102
2024-12-28,201096,cE5670
2024-12-21,201097,Ax4564
2024-11-16,201098,qf6025
2024-12-23,201099,hr8002
2024-07-18,201100,Ax4564
2024-08-17,201101,WD8652
2024-08-09,201102,vu3229
2024-07-21,201103,aS77
2024-10-12,201104,IX2488
2024-10-22,201105,WD8652
2024-11-04,201106,ro1423
2024-05-29,201107,zz4270
2024-06-29,201108,xu7026
2024-09-07,201109,nM2730
2024-09-09,201110,WD8652
2024-10-26,201111,Ok4672
2024-07-10,201112,ns8846
2024-12-01,201113,oV237
2024-06-27,201114,dA1518
2024-10-15,201115,Hq499
2024-11-25,201116,vO873
2024-12-22,201117,bg2772
2024-07-13,201118,yj8047
2024-08-11,201119,vP9775
2024-11-21,201120,BM1090
2024-07-02,201121,JB9571
2024-12-01,201122,sR2408
2024-07-05,201123,IX2488
2024-11-17,201124,oV237
2024-06-05,201125,xh3259
2024-10-05,201126,VF9387
2024-11-17,201127,el5331
2024-07-17,201128,vu3229
2024-06-01,201129,Kc5102
2024-12-20,201130,gU1801
2024-12-04,201131,PD214
2024-11-28,201132,jH1305
2024-09-04,201133,ux4763
2024-09-13,201134,pw9712
2024-11-21,201135,OY9669
2024-09-23,201136,fT9865
2024-07-27,201137,xK4454
2024-11-06,201138,fo2005
2024-07-19,201139,wb7508
2024-05-20,201140,JB9571
2024-08-02,201141,Hq499
2024-09-13,201142,HD5595
2024-06-18,201143,Xn1171
2024-08-25,201144,Ma9412
2024-08-03,201145,iu7092
2024-10-26,201146,Mg6456
2024-10-17,201147,Bq3992
2024-12-01,201148,iu7092
2024-11-12,201149,MV1377
2024-08-06,201150,nM2730
2024-06-21,201151,kv5800
2024-06-19,201152,fo2005
2024-07-20,201153,Kc5102
2024-11-03,201154,mo1310
2024-08-04,201155,jQ3709
2024-12-31,201156,XL3314
2024-06-15,201157,Fh6631
2024-07-24,201158,pQ9043
2024-12-12,201159,Mg6456
2024-06-23,201160,Kc5102
2024-10-08,201161,vO873
2024-11-05,201162,cg6881
2024-06-16,201163,sR2408
2024-06-23,201164,mo1310
2024-10-31,201165,cE5670
2024-08-28,201166,zz4270
2024-08-28,201167,IS6359
2024-10-07,201168,JB9571
2024-09-15,201169,xh3259
2024-06-08,201170,mo1310
2024-06-06,201171,JO4586
2024-09-22,201172,Nx6829
2024-12-28,201173,Or5485
2024-06-22,201174,Nx6829
2024-12-09,201175,IS6359
2024-08-31,201176,tM7981
2024-12-08,201177,pQ9043
2024-09-05,201178,iu7092
2024-11-06,201179,Xf5053
2024-06-01,201180,nM2730
2024-05-30,201181,GM6711
2024-11-30,201182,cg6881
2024-12-05,201183,vP9775
2024-10-24,201184,OY9669
2024-12-20,201185,wl5081
2024-07-07,201186,Ma9412
2024-07-31,201187,Ok4672
2024-10-09,201188,vu3229
2024-08-18,201189,vo8597
2024-12-24,201190,Vk9812
2024-07-22,201191,fT9865
2024-12-14,201192,Oq7423
2024-07-02,201193,WP5530
2024-08-31,201194,ux4763
2024-09-24,201195,aS77
2024-12-15,201196,iu7092
2024-05-19,201197,el5331
2024-07-18,201198,VF9387
2024-10-22,201199,jH1305
2024-06-09,201200,Lw6982
2024-12-19,201201,kv5800
2024-05-27,201202,rD7816
2024-12-24,201203,zz4270
2024-11-19,201204,an7575
2024-12-20,201205,SN9575
2024-06-15,201206,jH1305
2024-05-23,201207,sR2408
2024-07-07,201208,vu3229
2024-08-27,201209,SW8268
2024-08-14,201210,WP5310
2024-07-26,201211,jQ3709
2024-09-09,201212,qJ2287
2024-07-02,201213,Oq7423
2024-09-15,201214,oX688
2024-12-07,201215,fo2005
2024-10-14,201216,Oq7423
2024-10-28,201217,GM6711
2024-07-14,201218,Ei5673
2024-12-08,201219,ux4763
2024-08-14,201220,jH1305
2024-06-10,201221,qf6025
2024-10-10,201222,xu7026
2024-08-31,201223,Fh6631
2024-07-10,201224,lH5360
2024-10-03,201225,ux4763
2024-09-21,201226,lf5420
2024-10-12,201227,ns8846
2024-10-20,201228,JB9571
2024-09-01,201229,bg2772
2024-12-30,201230,LH594
2024-06-21,201231,DJ7288
2024-09-13,201232,Lw6982
2024-11-26,201233,ro1423
2024-09-21,201234,Ei5673
2024-12-01,201235,VF9387
2024-12-29,201236,Ax4564
2024-06-13,201237,iu7092
2024-06-29,201238,zz4270
2024-12-06,201239,Ax4564
2024-12-12,201240,qf6025
2024-10-27,201241,Xf5053
2024-07-13,201242,an7575
2024-12-21,201243,tM7981
2024-08-08,201244,QY2460
2024-09-19,201245,Xf5053
2024-06-04,201246,nM2730
2024-09-08,201247,ns8846
2024-10-14,201248,oV237
2024-08-03,201249,qJ2287
2024-07-02,201250,PD214
2024-06-26,201251,Ei5673
2024-10-01,201252,lH5360
2024-10-04,201253,QY2460
2024-07-31,201254,en1925
2024-09-30,201255,XL3314
2024-09-17,201256,wl5081
2024-09-21,201257,pQ8563
2024-08-11,201258,Ax4564
2024-09-03,201259,fT9865
2024-09-18,201260,VF9387
2024-05-28,201261,Mg6456
2024-08-11,201262,WP5310
2024-09-16,201263,jQ3709
2024-08-15,201264,iu7092
2024-06-05,201265,ro1423
2024-08-28,201266,yj8047
2024-06-10,201267,pZ9201
2024-08-23,201268,IX2488
2024-08-27,201269,WD8652
2024-06-08,201270,PD214
2024-11-11,201271,XL3314
2024-12-28,201272,UJ6917
2024-06-27,201273,lH5360
2024-09-13,201274,At4930
2024-10-06,201275,fQ6058
2024-06-17,201276,SW8268
2024-10-12,201277,xK4454
2024-06-03,201278,rJ6008
2024-07-21,201279,Ei5673
2024-11-11,201280,sR2408
2024-11-24,201281,Ei5673
2024-12-29,201282,xh3259
2024-10-15,201283,vO873
2024-07-21,201284,mo1310
2024-11-06,201285,tM7981
2024-09-10,201286,ux4763
2024-08-16,201287,JB9571
2024-06-12,201288,Vk9812
2024-05-21,201289,Lw6982
2024-12-20,201290,lQ1866
2024-08-10,201291,Xn1171
2024-06-01,201292,vo8597
2024-08-05,201293,Lw6982
2024-12-02,201294,pZ9201
2024-07-20,201295,ro1423
2024-12-21,201296,zz4270
2024-10-19,201297,JB9571
2024-07-12,201298,el5331
2024-09-27,201299,pw9712
2024-06-08,201300,nM2730
2024-06-28,201301,Lw6982
2024-05-29,201302,BM1090
2024-05-28,201303,ng4882
2024-11-19,201304,WD8652
2024-09-14,201305,oV237
2024-08-06,201306,aS77
2024-06-22,201307,Tj6276
2024-09-04,201308,GM6711
2024-09-12,201309,ux4763
2024-09-20,201310,ng4882
2024-10-02,201311,aW4264
2024-06-04,201312,JO4586
2024-07-09,201313,WP5530
2024-06-21,201314,MV1377
2024-12-07,201315,XL3314
2024-11-25,201316,rD7816
2024-07-12,201317,jQ3709
2024-07-09,201318,rD7816
2024-07-11,201319,wb7508
2024-09-07,201320,CJ7087
2024-05-26,201321,pZ9201
2024-10-06,201322,Tj6276
2024-11-11,201323,vu3229
2024-12-22,201324,IS6359
2024-09-10,201325,mo1310
2024-07-26,201326,KM4369
2024-09-26,201327,Tj6276
2024-10-10,201328,OY9669
2024-11-15,201329,kp367
2024-07-16,201330,xU8005
2024-10-06,201331,xN8227
2024-08-02,201332,rJ6008
2024-06-02,201333,aS77
2024-06-11,201334,vO873
2024-05-27,201335,Lw6982
2024-11-23,201336,xN8227
2024-07-28,201337,qf6025
2024-12-29,201338,wl5081
2024-10-04,201339,Xn1171
2024-10-28,201340,PD214
2024-10-22,201341,hr8002
2024-10-24,201342,IS6359
2024-11-20,201343,ux4763
2024-10-06,201344,HD5595
2024-05-28,201345,Ei5673
2024-07-08,201346,oV237
2024-09-27,201347,oV237
2024-06-11,201348,jH1305
2024-07-23,201349,MV1377
2024-09-09,201350,QY2460
2024-07-07,201351,kp367
2024-08-14,201352,mo1310
2024-08-30,201353,wo8189
2024-08-12,201354,PD214
2024-12-24,201355,vu3229
2024-10-24,201356,xU8005
2024-11-26,201357,el5331
2024-11-27,201358,qf6025
2024-07-13,201359,UJ6917
2024-11-27,201360,xh3259
2024-07-31,201361,pZ9201
2024-11-05,201362,bg2772
2024-12-20,201363,kv5800
2024-12-14,201364,gU1801
2024-11-28,201365,pZ9201
2024-08-28,201366,en1925
2024-10-09,201367,vO873
2024-07-20,201368,Hq499
2024-10-28,201369,oV237
2024-07-25,201370,WP5530
2024-08-14,201371,Kc5102
2024-10-29,201372,cg6881
2024-07-13,201373,el5331
2024-07-28,201374,hr8002
2024-11-25,201375,rJ6008
2024-10-17,201376,ng4882
2024-07-03,201377,BM1090
2024-08-13,201378,aS77
2024-12-21,201379,ns8846
2024-07-10,201380,wl5081
2024-06-16,201381,Xf5053
2024-10-07,201382,cg6881
2024-12-17,201383,Mg6456
2024-05-26,201384,fT9865
2024-07-16,201385,WP5530
2024-10-26,201386,ns8846
2024-07-25,201387,VF9387
2024-06-27,201388,OY9669
2024-10-03,201389,IS6359
2024-12-10,201390,Oq7423
2024-12-16,201391,Ma9412
2024-09-30,201392,lH5360
2024-10-10,201393,en1925
2024-12-01,201394,tZ7667
2024-11-07,201395,Jr4477
2024-08-22,201396,Kc5102
2024-11-04,201397,pZ9201
2024-09-17,201398,UJ6917
2024-09-11,201399,MV1377
2024-12-12,201400,Uy8980
2024-11-12,201401,pQ9043
2024-12-08,201402,mo1310
2024-11-19,201403,jH1305
2024-07-08,201404,sR2408
2024-07-10,201405,ux4763
2024-09-18,201406,hr8002
2024-12-29,201407,ng4882
2024-07-19,201408,cE5670
2024-07-13,201409,MV1377
2024-07-06,201410,JB9571
2024-11-11,201411,Tj6276
2024-07-18,201412,an7575
2024-07-01,201413,wo8189
2024-09-28,201414,dA1518
2024-12-25,201415,aS77
2024-07-09,201416,iu7092
2024-06-21,201417,XL3314
2024-10-26,201418,rJ6008
2024-07-12,201419,CJ7087
2024-11-10,201420,pw9712
2024-08-21,201421,Ok4672
2024-08-01,201422,pQ9043
2024-11-07,201423,tM7981
2024-10-28,201424,jQ3709
2024-08-05,201425,ns8846
2024-11-08,201426,nM2730
2024-09-12,201427,lH5360
2024-09-15,201428,vo8597
2024-10-26,201429,tZ7667
2024-08-14,201430,gU1801
2024-08-03,201431,WD8652
2024-08-07,201432,HD5595
2024-09-14,201433,QY2460
2024-12-31,201434,ux4763
2024-08-19,201435,Vk9812
2024-05-21,201436,lf5420
2024-10-10,201437,fo2005
2024-09-17,201438,wb7508
2024-12-02,201439,lf5420
2024-10-21,201440,wo8189
2024-08-19,201441,MV1377
2024-10-01,201442,qf6025
2024-09-20,201443,xK4454
2024-05-20,201444,ka12
2024-09-23,201445,dA1518
2024-11-04,201446,Tj6276
2024-09-28,201447,qf6025
2024-11-17,201448,Xm1657
2024-09-08,201449,hr8002
2024-08-11,201450,SN9575
2024-11-09,201451,Lw6982
2024-08-15,201452,IS6359
2024-07-31,201453,qf6025
2024-09-11,201454,vo8597
2024-12-05,201455,oX688
2024-11-18,201456,IX2488
2024-12-06,201457,rJ6008
2024-06-14,201458,aW4264
2024-07-24,201459,Bq3992
2024-07-30,201460,nM2730
2024-07-18,201461,HD5595
2024-11-01,201462,rJ6008
2024-09-30,201463,KM4369
2024-10-09,201464,Xn1171
2024-10-04,201465,rD7816
2024-10-25,201466,kv5800
2024-10-04,201467,LH594
2024-09-22,201468,UJ6917
2024-09-10,201469,ng4882
2024-11-30,201470,WP5310
2024-07-27,201471,cg6881
2024-09-12,201472,Tj6276
2024-09-07,201473,LH594
2024-06-12,201474,xN8227
2024-10-12,201475,cg6881
2024-06-29,201476,UJ6917
2024-09-20,201477,tM7981
2024-09-03,201478,xU8005
2024-10-22,201479,MV1377
2024-11-26,201480,wo8189
2024-09-29,201481,kv5800
2024-06-07,201482,gU1801
2024-06-30,201483,pQ8563
2024-05-28,201484,fo2005
2024-09-18,201485,wl5081
2024-07-18,201486,iu7092
2024-07-31,201487,Mg6456
2024-11-06,201488,wb7508
2024-06-17,201489,SW8268
2024-08-03,201490,Xm1657
2024-06-14,201491,xh3259
2024-12-16,201492,qf6025
2024-06-05,201493,KM4369
2024-10-27,201494,PD214
2024-10-10,201495,jH1305
2024-05-28,201496,ux4763
2024-12-28,201497,cg6881
2024-06-23,201498,fQ6058
2024-06-20,201499,Fh6631
2024-11-15,201500,jQ3709
2024-05-28,201501,xu7026
2024-11-26,201502,vu3229
2024-06-27,201503,aW4264
2024-10-09,201504,Xf5053
2024-06-18,201505,jQ3709
2024-05-30,201506,PD214
2024-12-16,201507,tM7981
2024-07-28,201508,Or5485
2024-12-29,201509,kv5800
2024-11-29,201510,ro1423
2024-06-12,201511,lf5420
2024-09-26,201512,SN9575
2024-08-03,201513,SN9575
2024-11-21,201514,Bq3992
2024-08-08,201515,GM6711
2024-06-25,201516,aS77
2024-08-20,201517,QY2460
2024-10-21,201518,Uy8980
2024-07-08,201519,wl5081
2024-06-24,201520,xh3259
2024-06-19,201521,yj8047
2024-08-09,201522,QY2460
2024-10-03,201523,Jr4477
2024-07-15,201524,Or5485
2024-10-21,201525,sR2408
2024-07-20,201526,IX2488
2024-12-01,201527,pZ9201
2024-12-12,201528,Uy8980
2024-08-19,201529,Ei5673
2024-07-24,201530,pw9712
2024-08-14,201531,QY2460
2024-09-07,201532,wo8189
2024-06-30,201533,hr8002
2024-12-24,201534,GM6711
2024-10-17,201535,Hq499
2024-09-26,201536,Jr4477
2024-08-16,201537,lf5420
2024-07-10,201538,oV237
2024-12-08,201539,CJ7087
2024-11-22,201540,xN8227
2024-10-05,201541,LH594
2024-11-01,201542,WP5530
2024-08-24,201543,xN8227
2024-12-05,201544,JO4586
2024-10-30,201545,lf5420
2024-10-17,201546,bg2772
2024-07-01,201547,cg6881
2024-06-02,201548,oV237
2024-09-17,201549,LH594
2024-12-16,201550,yj8047
2024-08-09,201551,mo1310
2024-12-12,201552,sR2408
2024-07-01,201553,ka12
2024-09-13,201554,qJ2287
2024-08-29,201555,Ax4564
2024-06-12,201556,At4930
2024-10-14,201557,HD5595
2024-06-02,201558,Mg6456
2024-08-26,201559,Or5485
2024-07-23,201560,oX688
2024-10-01,201561,QY2460
2024-07-27,201562,Jr4477
2024-09-29,201563,LH594
2024-06-07,201564,IX2488
2024-07-02,201565,ns8846
2024-07-20,201566,lQ1866
2024-12-10,201567,vP9775
2024-07-20,201568,dA1518
2024-07-19,201569,yj8047
2024-07-18,201570,KM4369
2024-11-07,201571,Nx6829
2024-12-27,201572,lH5360
2024-10-12,201573,lf5420
2024-07-18,201574,Ok4672
2024-12-02,201575,Ok4672
2024-09-11,201576,pQ9043
2024-10-07,201577,gU1801
2024-10-19,201578,xh3259
2024-07-08,201579,kp367
2024-05-20,201580,yj8047
2024-08-27,201581,Hq499
2024-11-08,201582,GM6711
2024-06-02,201583,ns8846
2024-12-13,201584,pQ9043
2024-09-07,201585,CJ7087
2024-09-29,201586,vo8597
2024-12-08,201587,jH1305
2024-11-06,201588,an7575
2024-08-08,201589,dA1518
2024-12-20,201590,nM2730
2024-12-27,201591,KM4369
2024-07-28,201592,Xm1657
2024-10-13,201593,rD7816
2024-08-10,201594,JO4586
2024-05-25,201595,Lw6982
2024-10-30,201596,WP5530
2024-06-04,201597,Oq7423
2024-10-17,201598,vO873
2024-07-03,201599,vu3229
2024-10-28,201600,ng4882
2024-06-03,201601,jQ3709
2024-08-26,201602,vP9775
2024-12-06,201603,nM2730
2024-12-24,201604,yj8047
2024-11-16,201605,lQ1866
2024-09-27,201606,MV1377
2024-07-20,201607,vo8597
2024-07-01,201608,ng4882
2024-12-13,201609,Mg6456
2024-12-24,201610,cE5670
2024-09-03,201611,Hq499
2024-10-14,201612,Ei5673
2024-07-15,201613,en1925
2024-06-20,201614,gU1801
2024-11-05,201615,zz4270
2024-06-03,201616,SW8268
2024-12-15,201617,Oq7423
2024-12-11,201618,BM1090
2024-07-14,201619,Nx6829
2024-12-20,201620,fo2005
2024-06-09,201621,KM4369
2024-06-20,201622,cg6881
2024-08-06,201623,fT9865
2024-05-18,201624,KM4369
2024-07-19,201625,Vk9812
2024-11-24,201626,pw9712
2024-10-15,201627,aW4264
2024-07-13,201628,sR2408
2024-12-09,201629,BM1090
2024-12-10,201630,xu7026
2024-07-19,201631,VF9387
2024-05-25,201632,Hq499
2024-12-22,201633,Ax4564
2024-05-22,201634,wb7508
2024-09-16,201635,Xn1171
2024-08-09,201636,lQ1866
2024-08-05,201637,Kc5102
2024-07-04,201638,iu7092
2024-05-17,201639,jH1305
2024-12-07,201640,zz4270
2024-11-07,201641,rJ6008
2024-09-09,201642,SW8268
2024-08-03,201643,vo8597
2024-08-03,201644,en1925
2024-12-29,201645,nM2730
2024-08-07,201646,WP5310
2024-09-24,201647,Ax4564
2024-11-13,201648,xh3259
2024-10-29,201649,vo8597
2024-05-29,201650,gU1801
2024-12-04,201651,cg6881
2024-07-20,201652,lf5420
2024-07-12,201653,GM6711
2024-09-29,201654,fQ6058
2024-09-13,201655,aS77
2024-08-29,201656,yj8047
2024-09-27,201657,At4930
2024-12-05,201658,Ax4564
2024-05-23,201659,GM6711
2024-12-21,201660,WP5530
2024-07-01,201661,SW8268
2024-06-15,201662,fT9865
2024-12-19,201663,WP5530
2024-08-24,201664,vu3229
2024-07-16,201665,cg6881
2024-05-31,201666,Ma9412
2024-10-04,201667,Uy8980
2024-10-08,201668,pQ8563
2024-06-09,201669,BM1090
2024-08-08,201670,SN9575
2024-12-24,201671,JO4586
2024-06-18,201672,Hq499
2024-10-18,201673,vO873
2024-07-08,201674,qf6025
2024-07-14,201675,oV237
2024-10-11,201676,bg2772
2024-08-09,201677,Mg6456
2024-09-07,201678,IX2488
2024-11-02,201679,iu7092
2024-12-05,201680,LH594
2024-06-29,201681,WP5530
2024-11-20,201682,Uy8980
2024-12-26,201683,pZ9201
2024-10-08,201684,GM6711
2024-12-09,201685,vP9775
2024-10-03,201686,Hq499
2024-12-08,201687,ng4882
2024-10-07,201688,mo1310
2024-06-20,201689,IX2488
2024-10-04,201690,lH5360
2024-07-18,201691,MV1377
2024-10-07,201692,hr8002
2024-08-18,201693,PD214
2024-09-15,201694,At4930
2024-08-28,201695,ng4882
2024-10-30,201696,tZ7667
2024-06-03,201697,Nx6829
2024-09-18,201698,IX2488
2024-11-22,201699,bg2772
2024-06-12,201700,Mg6456
2024-06-07,201701,OY9669
2024-07-18,201702,jQ3709
2024-11-29,201703,JB9571
2024-06-25,201704,Xn1171
2024-08-06,201705,BM1090
2024-12-09,201706,lf5420
2024-09-30,201707,vP9775
2024-11-06,201708,WP5310
2024-12-09,201709,VF9387
2024-11-27,201710,oX688
2024-08-07,201711,Xm1657
2024-09-06,201712,jQ3709
2024-06-17,201713,LH594
2024-08-03,201714,IS6359
2024-06-18,201715,nM2730
2024-08-25,201716,OY9669
2024-12-22,201717,wo8189
2024-10-31,201718,xK4454
2024-08-27,201719,DJ7288
2024-08-17,201720,QY2460
2024-10-31,201721,PD214
2024-11-16,201722,xh3259
2024-12-17,201723,aS77
2024-11-21,201724,At4930
2024-11-23,201725,SW8268
2024-11-27,201726,xN8227
2024-12-24,201727,aW4264
2024-05-21,201728,aS77
2024-07-09,201729,qf6025
2024-12-31,201730,qf6025
2024-06-27,201731,Ax4564
2024-07-18,201732,SN9575
2024-11-27,201733,PD214
2024-06-29,201734,XL3314
2024-12-18,201735,jH1305
2024-08-30,201736,lQ1866
2024-07-09,201737,vP9775
2024-11-02,201738,lH5360
2024-10-27,201739,ux4763
2024-11-07,201740,WP5530
2024-10-13,201741,Tj6276
2024-06-14,201742,Oq7423
2024-07-09,201743,sR2408
2024-09-02,201744,WD8652
2024-07-05,201745,Ma9412
2024-09-15,201746,Uy8980
2024-10-22,201747,OY9669
2024-11-18,201748,xh3259
2024-08-31,201749,Tj6276
2024-06-26,201750,ns8846
2024-08-30,201751,xK4454
2024-07-19,201752,IS6359
2024-09-13,201753,lH5360
2024-08-25,201754,MV1377
2024-11-04,201755,Xf5053
2024-06-06,201756,jQ3709
2024-07-27,201757,pw9712
2024-06-15,201758,qf6025
2024-09-27,201759,IX2488
2024-12-13,201760,CJ7087
2024-07-15,201761,fT9865
2024-08-17,201762,SN9575
2024-12-01,201763,tZ7667
2024-12-31,201764,LH594
2024-07-05,201765,Nx6829
2024-09-10,201766,oV237
2024-12-17,201767,xh3259
2024-09-20,201768,Jr4477
2024-07-06,201769,tM7981
2024-07-21,201770,Ok4672
2024-11-07,201771,Lw6982
2024-06-09,201772,CJ7087
2024-08-13,201773,Ma9412
2024-08-21,201774,jQ3709
2024-06-14,201775,ux4763
2024-07-31,201776,jH1305
2024-12-11,201777,WD8652
2024-06-10,201778,jH1305
2024-10-13,201779,pQ8563
2024-11-15,201780,WP5530
2024-06-25,201781,xU8005
2024-08-18,201782,xU8005
2024-09-08,201783,wb7508
2024-06-22,201784,hr8002
2024-10-19,201785,PD214
2024-08-14,201786,QY2460
2024-11-07,201787,xK4454
2024-08-29,201788,pw9712
2024-11-18,201789,rJ6008
2024-09-16,201790,hr8002
2024-09-24,201791,aW4264
2024-09-15,201792,wl5081
2024-08-16,201793,At4930
2024-10-31,201794,gU1801
2024-11-28,201795,CJ7087
2024-05-22,201796,Hq499
2024-11-09,201797,lQ1866
2024-11-16,201798,Tj6276
2024-10-04,201799,fT9865
2024-06-20,201800,xK4454
2024-11-19,201801,lH5360
2024-05-22,201802,lH5360
2024-06-08,201803,lQ1866
2024-05-30,201804,Lw6982
2024-09-21,201805,hr8002
2024-07-18,201806,el5331
2024-05-17,201807,PD214
2024-10-13,201808,wl5081
2024-09-05,201809,fQ6058
2024-10-08,201810,iu7092
2024-07-19,201811,Ax4564
2024-11-16,201812,QY2460
2024-05-25,201813,Ma9412
2024-07-19,201814,wo8189
2024-09-15,201815,ng4882
2024-07-16,201816,ns8846
2024-06-15,201817,Vk9812
2024-12-26,201818,qJ2287
2024-12-30,201819,iu7092
2024-10-20,201820,qJ2287
2024-08-10,201821,bg2772
2024-07-07,201822,Tj6276
2024-12-12,201823,nM2730
2024-08-29,201824,hr8002
2024-06-23,201825,Or5485
2024-10-01,201826,qf6025
2024-10-11,201827,wl5081
2024-12-14,201828,vo8597
2024-09-05,201829,Nx6829
2024-07-10,201830,Ei5673
2024-08-11,201831,SN9575
2024-08-09,201832,SN9575
2024-07-15,201833,yj8047
2024-09-09,201834,yj8047
2024-05-21,201835,At4930
2024-08-06,201836,pZ9201
2024-12-09,201837,JO4586
2024-08-12,201838,IX2488
2024-11-14,201839,fT9865
2024-09-28,201840,Or5485
2024-12-30,201841,VF9387
2024-07-10,201842,Ok4672
2024-08-23,201843,Xf5053
2024-07-22,201844,Ei5673
2024-10-30,201845,an7575
2024-08-12,201846,rJ6008
2024-06-29,201847,iu7092
2024-10-21,201848,Jr4477
2024-12-13,201849,xN8227
2024-12-15,201850,wb7508
2024-12-24,201851,Ma9412
2024-09-10,201852,xu7026
2024-11-10,201853,Lw6982
2024-08-23,201854,sR2408
2024-10-20,201855,kp367
2024-08-04,201856,tZ7667
2024-11-17,201857,DJ7288
2024-11-10,201858,xN8227
2024-05-25,201859,Lw6982
2024-08-01,201860,vP9775
2024-09-29,201861,xh3259
2024-09-30,201862,GM6711
2024-06-29,201863,UJ6917
2024-11-19,201864,aS77
2024-06-15,201865,Nx6829
2024-06-06,201866,DJ7288
2024-11-05,201867,Xm1657
2024-11-18,201868,fQ6058
2024-08-30,201869,IX2488
2024-06-18,201870,Fh6631
2024-08-23,201871,sR2408
2024-12-17,201872,XL3314
2024-12-20,201873,lf5420
2024-05-20,201874,Ax4564
2024-07-19,201875,an7575
2024-10-15,201876,dA1518
2024-10-06,201877,tM7981
2024-08-19,201878,en1925
2024-12-31,201879,vu3229
2024-08-02,201880,fo2005
2024-07-18,201881,WD8652
2024-12-10,201882,At4930
2024-11-28,201883,Lw6982
2024-12-14,201884,wb7508
2024-10-31,201885,VF9387
2024-12-08,201886,vO873
2024-09-27,201887,Xn1171
2024-11-03,201888,HD5595
2024-09-21,201889,oV237
2024-05-31,201890,Fh6631
2024-09-20,201891,fT9865
2024-07-17,201892,Xm1657
2024-06-11,201893,lf5420
2024-07-25,201894,nM2730
2024-07-29,201895,fT9865
2024-06-03,201896,lH5360
2024-06-27,201897,Vk9812
2024-08-29,201898,Xn1171
2024-12-12,201899,WP5310
2024-12-24,201900,zz4270
2024-06-21,201901,WD8652
2024-09-13,201902,lf5420
2024-07-12,201903,gU1801
2024-08-08,201904,xN8227
2024-05-27,201905,OY9669
2024-07-19,201906,kv5800
2024-09-16,201907,pZ9201
2024-10-19,201908,Ma9412
2024-06-27,201909,Kc5102
2024-06-26,201910,WP5530
2024-09-11,201911,PD214
2024-12-25,201912,QY2460
2024-10-23,201913,wo8189
2024-08-11,201914,Jr4477
2024-08-30,201915,VF9387
2024-06-24,201916,Xf5053
2024-08-14,201917,xN8227
2024-08-18,201918,Ax4564
2024-07-15,201919,nM2730
2024-07-16,201920,fQ6058
2024-05-23,201921,XL3314
2024-09-08,201922,XL3314
2024-06-08,201923,PD214
2024-12-02,201924,yj8047
2024-07-14,201925,WP5530
2024-10-23,201926,Hq499
2024-09-23,201927,Nx6829
2024-06-13,201928,gU1801
2024-10-20,201929,Ma9412
2024-10-05,201930,pQ9043
2024-07-25,201931,cE5670
2024-10-22,201932,bg2772
2024-06-22,201933,rJ6008
2024-06-17,201934,BM1090
2024-09-03,201935,xu7026
2024-12-23,201936,Ei5673
2024-11-10,201937,hr8002
2024-08-24,201938,BM1090
2024-05-21,201939,mo1310
2024-07-10,201940,GM6711
2024-07-10,201941,IS6359
2024-11-11,201942,gU1801
2024-07-12,201943,wl5081
2024-12-22,201944,OY9669
2024-05-17,201945,Ax4564
2024-08-11,201946,aS77
2024-08-02,201947,wo8189
2024-06-03,201948,en1925
2024-11-25,201949,lf5420
2024-10-15,201950,Jr4477
2024-11-18,201951,JO4586
2024-08-18,201952,IX2488
2024-08-21,201953,pw9712
2024-07-24,201954,el5331
2024-12-22,201955,pQ8563
2024-12-13,201956,aS77
2024-12-13,201957,Bq3992
2024-09-22,201958,mo1310
2024-09-16,201959,OY9669
2024-11-05,201960,PD214
2024-08-22,201961,Mg6456
2024-10-25,201962,Mg6456
2024-09-28,201963,LH594
2024-12-01,201964,rJ6008
2024-12-28,201965,ro1423
2024-08-31,201966,Jr4477
2024-10-23,201967,WP5530
2024-08-18,201968,mo1310
2024-12-09,201969,Ok4672
2024-05-28,201970,BM1090
2024-08-22,201971,Xn1171
2024-05-28,201972,gU1801
2024-10-20,201973,gU1801
2024-12-03,201974,vO873
2024-11-11,201975,xu7026
2024-09-30,201976,Ei5673
2024-08-08,201977,fT9865
2024-05-25,201978,en1925
2024-06-20,201979,Ok4672
2024-05-21,201980,Ok4672
2024-08-20,201981,Ax4564
2024-11-25,201982,Ax4564
2024-06-26,201983,DJ7288
2024-07-02,201984,JO4586
2024-06-15,201985,Or5485
2024-05-17,201986,fT9865
2024-10-18,201987,CJ7087
2024-07-09,201988,Bq3992
2024-07-29,201989,jQ3709
2024-08-25,201990,ux4763
2024-09-27,201991,Hq499
2024-06-12,201992,pQ8563
2024-10-08,201993,ux4763
2024-06-24,201994,hr8002
2024-09-15,201995,Fh6631
2024-12-18,201996,GM6711
2024-06-07,201997,el5331
2024-07-15,201998,Xn1171
2024-12-25,201999,xU8005
